TE0,TE1,TL0,TL1,TimeSyncsReceived,EmotiBitStartTime, EmotiBitEndTime, DataParserVersion
334506.000000,411372.000000,1733303869.813274,1733303946.679500,26,307986,441827,1.11.4